{
    "2019yvr": {
        "target_name": "2019yvr",
        "targetid": 2,
        "ra": 191.283890127,
        "decl": -0.45909033652
    }
}
